{
"iconDefinitions": {
"folder": {
"iconPath": "./../images/f.png",
},
"open": {
"iconPath": "./../images/fo.png"
},
"vid": {
"iconPath": "./../images/vid.png",
},
"file": {
"iconPath": "./../images/default.png",
},
"py": {
"iconPath": "./../images/py.png",
},
"java": {
"iconPath": "./../images/java.png",
},
"mc": {
"iconPath": "./../images/mc.png",
},
"img": {
"iconPath": "./../images/img.png",
},
"ts": {
"iconPath": "./../images/ts.png",
},
"cpp": {
"iconPath": "./../images/cpp.png",
},
"cs": {
"iconPath": "./../images/cs.png",
},
"c": {
"iconPath": "./../images/c.png",
},
"sln": {
"iconPath": "./../images/sln.png",
},
"svg": {
"iconPath": "./../images/svg.png",
},
"js": {
"iconPath": "./../images/js.png",
},
"html": {
"iconPath": "./../images/html.png",
},
"css": {
"iconPath": "./../images/css.png",
},
"ps1": {
"iconPath": "./../images/ps1.png",
},
"audio": {
"iconPath": "./../images/audio.png",
},
"json": {
"iconPath": "./../images/json.png",
},
"lua": {
"iconPath": "./../images/lua.png",
},
"php": {
"iconPath": "./../images/php.png",
},
"rs": {
"iconPath": "./../images/rs.png",
},
"cbl": {
"iconPath": "./../images/cbl.png",
},
"m": {
"iconPath": "./../images/m2.png",
},
"text": {
"iconPath": "./../images/text.png",
},
"go": {
"iconPath": "./../images/go.png",
},
"swift": {
"iconPath": "./../images/swift.png",
},
"pdf": {
"iconPath": "./../images/pdf.png",
},
"gitignore": {
"iconPath": "./../images/gitignore.png",
},
"rar": {
"iconPath": "./../images/rar.png",
},
"yaml": {
"iconPath": "./../images/yaml.png",
},
"kt": {
"iconPath": "./../images/kt.png",
},
"sass": {
"iconPath": "./../images/sass.png",
},
"pug": {
"iconPath": "./../images/pug.png",
},
"sh": {
"iconPath": "./../images/sh.png",
},
"exe": {
"iconPath": "./../images/exe.png",
},
"ico": {
"iconPath": "./../images/ico.png",
},
"apk": {
"iconPath": "./../images/apk.png",
},
"info": {
"iconPath": "./../images/info.png",
},
"cog": {
"iconPath": "./../images/cog.png",
},
"font": {
"iconPath": "./../images/font.png",
},
"download": {
"iconPath": "./../images/download.png",
},
"zip": {
"iconPath": "./../images/zip.png",
},
"xml": {
"iconPath": "./../images/xml2.png",
},
"rb": {
"iconPath": "./../images/rb2.png",
},
"git": {
"iconPath": "./../images/git.png",
},
"f-js": {
"iconPath": "./../images/f-js.png",
},
"fo-js": {
"iconPath": "./../images/fo-js.png",
},
"f-py": {
"iconPath": "./../images/f-py.png",
},
"fo-py": {
"iconPath": "./../images/fo-py.png",
},
"f-ts": {
"iconPath": "./../images/f-ts.png",
},
"fo-ts": {
"iconPath": "./../images/fo-ts.png",
},
"f-cpp": {
"iconPath": "./../images/f-cpp2.png",
},
"fo-cpp": {
"iconPath": "./../images/fo-cpp2.png",
},
"f-c": {
"iconPath": "./../images/f-c.png",
},
"fo-c": {
"iconPath": "./../images/fo-c.png",
},
"1ct": {
"iconPath": "./../images/1ct.png",
 },
 "lib": {
"iconPath": "./../images/lib.png",
 },
"node": {
"iconPath": "./../images/node.png",
},
"f-cs": {
"iconPath": "./../images/f-cs.png",
},
"fo-cs": {
"iconPath": "./../images/fo-cs.png",
},
"vsc": {
"iconPath": "./../images/vsc.png",
},
"vs": {
"iconPath": "./../images/vs.png",
},
"f-img": {
"iconPath": "./../images/f-img.png",
},
"fo-img": {
"iconPath": "./../images/fo-img.png",
},
"f-test": {
"iconPath": "./../images/f-test.png",
},
"fo-test": {
"iconPath": "./../images/fo-test.png",
},
"f-archive": {
"iconPath": "./../images/f-archive.png",
},
"fo-archive": {
"iconPath": "./../images/fo-archive.png",
},
"f-discord": {
"iconPath": "./../images/f-discord.png",
},
"fo-discord": {
"iconPath": "./../images/fo-discord.png",
},
"f-stats": {
"iconPath": "./../images/f-stats.png",
},
"fo-stats": {
"iconPath": "./../images/fo-stats.png",
},
"f-github": {
"iconPath": "./../images/f-github.png",
},
"fo-github": {
"iconPath": "./../images/fo-github.png",
},
"f-git": {
"iconPath": "./../images/f-git.png",
},
"fo-git": {
"iconPath": "./../images/fo-git.png",
},
"f-vsc": {
"iconPath": "./../images/f-vsc.png",
},
"fo-vsc": {
"iconPath": "./../images/fo-vsc2.png",
},
"f-alert": {
"iconPath": "./../images/f-alert.png",
},
"fo-alert": {
"iconPath": "./../images/fo-alert.png",
},
"def": {
  "iconPath": "./../images/def.png",
  },
  "f-css": {
    "iconPath": "./../images/f-css.png",
    },
    "fo-css": {
    "iconPath": "./../images/fo-css.png",
    },
},
"folderNames": {
"lib": "lib",
"libs": "lib",
"library": "lib",
"libraries": "lib",
"vendor": "lib",
"vendors": "lib",
"third-party": "lib",
"js": "f-js",
"javascript": "f-js",
"javascripts": "f-js",
"ts": "f-ts",
"typescript": "f-ts",
"typecripts": "f-ts",
"typings": "f-ts",
"types": "f-ts",
"cpp": "f-cpp",
"cplusplus": "f-cpp",
"cxx": "f-cpp",
"c++": "f-cpp",
"py": "f-py",
"python": "f-py",
"pythoid": "f-py",
"__pycache__": "f-py",
".pytest_cache": "f-py",
"c": "f-c",
"clang": "f-c",
"clanguage": "f-c",
"c-lang":"f-c",
"cs":"f-cs",
"csh":"f-cs",
"c#":"f-cs",
"csharp":"f-cs",
"imgs": "f-img",
"img": "f-img",
"images": "f-img",
"icons": "f-img",
"icon": "f-img",
"png": "f-img",
"jpg": "f-img",
"pics": "f-img",
"test": "f-test",
"tests": "f-test",
"testing": "f-test",
"__tests__": "f-test",
"__snapshots__": "f-test",
"__mocks__": "f-test",
"__test__": "f-test",
"spec": "f-test",
"specs": "f-test",
"archive": "f-archive",
"archives": "f-archive",
"archival": "f-archive",
"backup": "f-archive",
"backups": "f-archive",
"back-up": "f-archive",
"back-ups": "f-archive",
"arch": "f-archive",
"discord.js":"f-discord",
"discord":"f-discord",
"discordbot":"f-discord",
"discord-bot":"f-discord",
"stats":"f-stats",
"stat":"f-stats",
"statistic":"f-stats",
"statistics":"f-stats",
".github": "f-github",
"github": "f-github",
"githooks": "f-git",
".githooks": "f-git",
"submodules": "f-git",
".submodules": "f-git",
"git": "f-git",
".git": "f-git",
".vscode": "f-vsc",
".vscode-test": "f-vsc",
"notifs": "f-alert",
"notification": "f-alert",
"notifications": "f-alert",
"errors": "f-alert",
"alerts": "f-alert",
"alert": "f-alert",
"css": "f-css",
"stylesheet": "f-css",
"stylesheets": "f-css",
"style": "f-css",
"styles": "f-css",
},
"folderNamesExpanded": {
"py": "fo-py",
"js": "fo-js",
"javascript": "fo-js",
"javascripts": "fo-js",
"ts": "fo-ts",
"typescript": "fo-ts",
"typings": "fo-ts",
"typecripts": "fo-ts",
"cpp": "fo-cpp",
"cplusplus": "fo-cpp",
"cxx": "fo-cpp",
"c++": "fo-cpp",
"types": "fo-ts",
"python": "fo-py",
"pythoid": "fo-py",
"__pycache__": "fo-py",
".pytest_cache": "fo-py",
"c": "fo-c",
"clang": "fo-c",
"clanguage": "fo-c",
"c-lang":"fo-c",
"csharp":"fo-cs",
"cs":"fo-cs",
"csh":"fo-cs",
"c#":"fo-cs",
"imgs": "fo-img",
"images": "fo-img",
"img": "fo-img",
"icons": "fo-img",
"icon": "fo-img",
"png": "fo-img",
"jpg": "fo-img",
"pics": "fo-img",
"test": "fo-test",
"tests": "fo-test",
"testing": "fo-test",
"__tests__": "fo-test",
"__snapshots__": "fo-test",
"__mocks__": "fo-test",
"__test__": "fo-test",
"spec": "fo-test",
"specs": "fo-test",
"archive": "fo-archive",
"archives": "fo-archive",
"archival": "fo-archive",
"backup": "fo-archive",
"backups": "fo-archive",
"back-up": "fo-archive",
"back-ups": "fo-archive",
"arch": "fo-archive",
"discord.js":"fo-discord",
"discord":"fo-discord",
"discordbot":"fo-discord",
"discord-bot":"fo-discord",
"stats":"fo-stats",
"stat":"fo-stats",
"statistic":"fo-stats",
"statistics":"fo-stats",
".github": "fo-github",
"github": "fo-github",
".git": "fo-git",
"githooks": "fo-git",
".githooks": "fo-git",
"submodules": "fo-git",
".submodules": "fo-git",
"git": "fo-git",
".vscode": "fo-vsc",
".vscode-test": "fo-vsc",
"notifs": "fo-alert",
"notification": "fo-alert",
"notifications": "fo-alert",
"errors": "fo-alert",
"alerts": "fo-alert",
"alert": "fo-alert",
"css": "fo-css",
"stylesheet": "fo-css",
"stylesheets": "fo-css",
"style": "fo-css",
"styles": "fo-css",
},
"folder": "folder",
"folderExpanded": "open",
"file": "file",
"fileExtensions": {
"py": "py",
"html": "html",
"jar": "java",
"java": "java",
"js": "js",
"cpp": "cpp",
"cs": "cs",
"c": "c",
"css": "css",
"mp3": "audio",
"wav": "audio",
"ogg": "audio", 
"json": "json", 
"lua": "lua", 
"cbl": "cbl", 
"php": "php", 
"ts": "ts",
"kt": "kt",
"png": "img",
"gif": "img",
"jpg": "img",
"jpeg": "img",
"mcmeta": "mc",
"proprities": "mc",
"ps1": "ps1",
"rs": "rs",
"m": "m",
"go": "go",
"swift": "swift",
"svg": "svg",
"txt": "text",
"doc": "text",
"md": "info",
"odt": "text",
"pdf": "pdf",
"docx": "text",
"mp4": "vid",
"mov": "vid",
"woff": "font",
"ttf": "font",
"otf": "font",
"rb": "rb",
"apk": "apk",
"asp": "html",
"sh":"sh",
"exe":"exe",
"yaml":"yaml",
"rar":"rar",
"sass":"sass",
"pug":"pug",
"cxx":"cpp",
"zip":"zip",
"vscodeignore": "vsc",
"download":"download",
"gitignore":"gitignore",
"ico":"ico",
"dll":"cog",
"xml":"xml",
"yml":"yaml",
"git":"git",
"csproj": "vs",
"ruleset": "vs",
"d.ts":"def",
"sln": "vs",
"suo": "vs",
"vb": "vs",
"vbs": "vs",
"vcxitems": "vs",
"vcxitems.filters": "vs",
"vcxproj": "vs",
"vcxproj.filters": "vs",
"tif": "img",
"tiff": "img",
"psd": "img",
"psb": "img",
"ami": "img",
"apx": "img",
"bmp": "img",
"bpg": "img",
"brk": "img",
"cur": "img",
"dds": "img",
"dng": "img",
"exr": "img",
"fpx": "img",
"gbr": "img",
"img": "img",
"jbig2": "img",
"jb2": "img",
"jng": "img",
"jxr": "img",
"pbm": "img",
"pgf": "img",
"pic": "img",
"raw": "img",
"webp": "img",
"eps": "img",
},
"languageIds": {
"git": "git",
"git-commit": "git",
"git-rebase": "git",
"ignore": "git",
"c": "c",
"java": "java",
"objective-c": "m",
"svg": "svg",
"swift": "swift",
"cpp": "cpp",
"php": "php",
"go": "go",
"csharp": "csharp",
"python": "python",
"html": "html",
"javascript": "javascript",
"typescript": "typescript",
"pug": "pug",
"sass": "sass",
},
 "fileNames": {
"license":"info",
 "package.json":"node",
 "settings.json":"cog",
 "config":"cog",
 "1ct-icon-theme.json":"1ct",
 } 
}
